Ref,Val,Package,PosX,PosY,Rot,Side
"C1","10uF/10V/0603","C_0603_1608Metric",74.450000,96.610000,0.000000,bottom
"C2","100nF/50V/0603","C_0603_1608Metric",70.900000,89.910000,0.000000,bottom
"C3","100nF/50V/0603","C_0603_1608Metric",55.500000,73.160000,-90.000000,bottom
"C4","100nF/50V/0603","C_0603_1608Metric",42.550000,89.310000,180.000000,bottom
"C5","10uF/10V/0603","C_0603_1608Metric",39.950000,83.560000,90.000000,bottom
"C6","100nF/50V/0603","C_0603_1608Metric",50.800000,99.310000,90.000000,bottom
"C7","10nF/50V/0603","C_0603_1608Metric",44.500000,26.510000,-90.000000,bottom
"C8","100nF/50V/0603","C_0603_1608Metric",60.600000,73.160000,-90.000000,bottom
"C9","100nF/50V/0603","C_0603_1608Metric",53.000000,73.160000,-90.000000,bottom
"C10","100nF/50V/0603","C_0603_1608Metric",42.550000,84.360000,180.000000,bottom
"C11","10uF/10V/0603","C_0603_1608Metric",74.450000,98.335000,0.000000,bottom
"C12","100nF/50V/0603","C_0603_1608Metric",53.550000,99.310000,90.000000,bottom
"C13","100nF/50V/0603","C_0603_1608Metric",56.150000,99.310000,90.000000,bottom
"C14","100nF/50V/0603","C_0603_1608Metric",60.050000,99.310000,90.000000,bottom
"C15","100nF/50V/0603","C_0603_1608Metric",22.150000,41.575000,-90.000000,bottom
"C16","10uF/10V/0603","C_0603_1608Metric",74.450000,100.060000,0.000000,bottom
"C17","100nF/50V/0603","C_0603_1608Metric",61.700000,99.310000,90.000000,bottom
"C18","100nF/50V/0603","C_0603_1608Metric",29.000000,83.660000,-90.000000,bottom
"C19","100nF/50V/0603","C_0603_1608Metric",20.400000,73.810000,-90.000000,bottom
"C20","100nF/50V/0603","C_0603_1608Metric",20.400000,70.410000,90.000000,bottom
"C21","22uF/25V/0805","C_0805_2012Metric",139.900000,72.510000,90.000000,bottom
"C22","1uF/50V/0603","C_0603_1608Metric",135.000000,64.460000,90.000000,bottom
"C23","22uF/25V/0805","C_0805_2012Metric",137.800000,60.810000,0.000000,bottom
"C24","100nF/50V/0603","C_0603_1608Metric",137.550000,58.960000,0.000000,bottom
"C25","33pF/50V/0603","C_0603_1608Metric",132.400000,72.585000,-90.000000,bottom
"C26","2.2nF/50V/0603","C_0603_1608Metric",118.137500,72.072500,180.000000,bottom
"C27","330nF/50V/0603","C_0603_1608Metric",120.150000,64.210000,180.000000,bottom
"C28","330nF/50V/0603","C_0603_1608Metric",116.800000,58.860000,90.000000,bottom
"C29","100nF/50V/0603","C_0603_1608Metric",40.600000,48.410000,90.000000,bottom
"C30","100nF/50V/0603","C_0603_1608Metric",29.000000,43.060000,180.000000,bottom
"C31","100nF/50V/0603","C_0603_1608Metric",32.050000,31.160000,-90.000000,bottom
"C32","12pF/50V/0603","C_0603_1608Metric",49.100000,43.760000,180.000000,bottom
"C33","12pF/50V/0603","C_0603_1608Metric",49.150000,37.560000,180.000000,bottom
"C34","100nF/50V/0603","C_0603_1608Metric",45.900000,38.210000,0.000000,bottom
"C35","100nF/50V/0603","C_0603_1608Metric",124.500000,71.410000,180.000000,bottom
"C36","4.7uF/25V/0805","C_0805_2012Metric",134.420000,83.985000,180.000000,bottom
"C37","10uF/25V/0805","C_0805_2012Metric",121.900000,82.755000,90.000000,bottom
"C38","22uF/25V/0805","C_0805_2012Metric",118.700000,55.460000,-90.000000,bottom
"C39","22uF/25V/0805","C_0805_2012Metric",112.300000,61.410000,-90.000000,bottom
"C40","22pF/50V/0603","C_0603_1608Metric",123.150000,58.810000,-90.000000,bottom
"C41","10nF/50V/0603","C_0603_1608Metric",134.000000,72.585000,90.000000,bottom
"C42","10nF/50V/0603","C_0603_1608Metric",135.650000,72.585000,90.000000,bottom
"C43","330nF/50V/0603","C_0603_1608Metric",120.112500,66.622500,180.000000,bottom
"C44","330nF/50V/0603","C_0603_1608Metric",112.312500,68.147500,-90.000000,bottom
"C45","220nF/50V/0603","C_0603_1608Metric",120.100000,68.210000,0.000000,bottom
"C46","3.3nF/50V/0603","C_0603_1608Metric",16.750000,41.875000,180.000000,bottom
"C47","4.7uF/25V/0805","C_0805_2012Metric",22.000000,37.960000,0.000000,bottom
"C48","1nF/50V/0603","C_0603_1608Metric",138.450000,54.935000,90.000000,bottom
"C49","1uF/50V/0603","C_0603_1608Metric",134.075000,54.060000,0.000000,bottom
"C50","100nF/50V/0603","C_0603_1608Metric",61.375000,62.910000,180.000000,bottom
"C51","100nF/50V/0603","C_0603_1608Metric",105.575000,80.660000,180.000000,bottom
"C52","100nF/50V/0603","C_0603_1608Metric",109.875000,80.660000,0.000000,bottom
"C53","100nF/50V/0603","C_0603_1608Metric",99.400000,58.315000,0.000000,bottom
"C63","10uF/25V/0805","C_0805_2012Metric",33.125000,61.410000,90.000000,bottom
"C64","1uF/50V/0603","C_0603_1608Metric",33.100000,64.935000,-90.000000,bottom
"C65","100nF/50V/0603","C_0603_1608Metric",33.150000,68.210000,180.000000,bottom
"C66","10uF/25V/0805","C_0805_2012Metric",49.100000,60.710000,-90.000000,bottom
"C67","100nF/50V/0603","C_0603_1608Metric",52.177500,29.580000,90.000000,bottom
"C68","100nF/50V/0603","C_0603_1608Metric",57.300000,52.310000,90.000000,bottom
"C69","10nF/50V/0603","C_0603_1608Metric",28.620000,31.495000,-90.000000,bottom
"C70","10nF/50V/0603","C_0603_1608Metric",28.670000,27.695000,-90.000000,bottom
"C71","10nF/50V/0603","C_0603_1608Metric",28.670000,24.020000,-90.000000,bottom
"C72","10nF/50V/0603","C_0603_1608Metric",128.720000,23.655000,90.000000,bottom
"C73","10nF/50V/0603","C_0603_1608Metric",128.720000,27.155000,90.000000,bottom
"C74","10nF/50V/0603","C_0603_1608Metric",128.720000,30.755000,90.000000,bottom
"D1","SS24","D_SMA",139.800000,63.810000,0.000000,bottom
"D2","BAT54S","SOT-23",116.412500,63.210000,180.000000,bottom
"D3","BAT54S","SOT-23",116.562500,67.210000,0.000000,bottom
"D4","1N5819","D_SMA",44.100000,61.560000,180.000000,bottom
"D5","1N914WT","D_SOD-523",26.070000,33.945000,180.000000,bottom
"D6","1N914WT","D_SOD-523",26.020000,30.195000,180.000000,bottom
"D7","1N914WT","D_SOD-523",26.020000,26.495000,180.000000,bottom
"D8","1N914WT","D_SOD-523",131.370000,22.655000,0.000000,bottom
"D9","1N914WT","D_SOD-523",131.370000,26.155000,0.000000,bottom
"D10","1N914WT","D_SOD-523",131.370000,29.855000,0.000000,bottom
"D12","MBRA210LT3G","D_SMA",16.850000,71.560000,90.000000,bottom
"FB1","100R@100MHz/0603","L_0603_1608Metric",42.550000,82.660000,0.000000,bottom
"FB2","100R@100MHz/0603","L_0603_1608Metric",70.900000,98.335000,180.000000,bottom
"FB5","100R@100MHz/0603","L_0603_1608Metric",70.900000,96.610000,180.000000,bottom
"FB7","100R@100MHz/0603","L_0603_1608Metric",70.900000,100.060000,180.000000,bottom
"J1","TYPEC-303-ACP16","GCT_USB4120-03-C_REVA",4.660000,66.630000,-90.000000,bottom
"J3","HYC79-HDMIA19-105","MOLEX_476591101",5.562500,96.477500,90.000000,bottom
"J4","HRS(Hirose) FH12S-50S-0.5SH(55)","Hirose_FH12-50S-0.5SH_1x50-1MP_P0.50mm_LCD_1",79.100000,53.660000,180.000000,bottom
"J6","Connector 1x5/2.5mm","JST_EH_B4B-EH-A_1x04_P2.50mm_Vertical",4.025000,22.710000,0.000000,bottom
"J7","Connector 1x5/2.5mm","JST_EH_B4B-EH-A_1x04_P2.50mm_Vertical",140.175000,22.710000,0.000000,bottom
"J8","Connector 1x5/2.5mm","JST_EH_B4B-EH-A_1x04_P2.50mm_Vertical",2.875000,5.885000,90.000000,bottom
"J9","DC-012A-B200","TENSILITY_54-00287",7.900000,39.720000,-90.000000,bottom
"J10","Connector 1x5/2.5mm","JST_EH_B4B-EH-A_1x04_P2.50mm_Vertical",148.700000,12.785000,-90.000000,bottom
"L1","2.2uH/2.7A","L_Cenker_CKCS6045",127.550000,81.805000,180.000000,bottom
"L3","22uH/2A","L_Vishay_IFSC-1515AH_4x4x1.8mm",37.850000,61.660000,0.000000,bottom
"L4","3.9uH/2.1A","L_Changjiang_FNR4030S",141.000000,68.110000,-90.000000,bottom
"LE1","BLUE/0603","LED_0603_1608Metric",39.250000,26.910000,90.000000,bottom
"LE2","RED/0603","LED_0603_1608Metric",125.300000,76.855000,0.000000,bottom
"R1","0R/0603","R_0603_1608Metric",70.900000,93.210000,180.000000,bottom
"R2","33R/0603","R_0603_1608Metric",75.916662,72.010000,-90.000000,bottom
"R3","33R/0603","R_0603_1608Metric",74.299996,72.010000,-90.000000,bottom
"R4","33R/0603","R_0603_1608Metric",72.683330,72.010000,-90.000000,bottom
"R5","33R/0603","R_0603_1608Metric",71.066664,72.010000,-90.000000,bottom
"R6","33R/0603","R_0603_1608Metric",69.449998,72.010000,-90.000000,bottom
"R7","33R/0603","R_0603_1608Metric",67.833332,72.010000,-90.000000,bottom
"R8","33R/0603","R_0603_1608Metric",66.216666,72.010000,-90.000000,bottom
"R9","33R/0603","R_0603_1608Metric",64.600000,72.010000,-90.000000,bottom
"R10","2K2/0603/1%","R_0603_1608Metric",39.300000,31.160000,-90.000000,bottom
"R12","10K/0603/1%","R_0603_1608Metric",38.500000,48.410000,-90.000000,bottom
"R13","1M/0603/1%","R_0603_1608Metric",46.660000,40.650000,-90.000000,bottom
"R15","20R/0603/1%","R_0603_1608Metric",24.250000,47.660000,-90.000000,bottom
"R16","20R/0603/1%","R_0603_1608Metric",25.850000,47.660000,-90.000000,bottom
"R17","4K7/0603/1%","R_0603_1608Metric",27.500000,47.610000,90.000000,bottom
"R18","33R/0603","R_0603_1608Metric",88.849990,72.010000,-90.000000,bottom
"R19","33R/0603","R_0603_1608Metric",87.233324,72.010000,-90.000000,bottom
"R20","33R/0603","R_0603_1608Metric",85.616658,72.010000,-90.000000,bottom
"R21","33R/0603","R_0603_1608Metric",83.999992,72.010000,-90.000000,bottom
"R22","33R/0603","R_0603_1608Metric",82.383326,72.010000,-90.000000,bottom
"R23","33R/0603","R_0603_1608Metric",80.766660,72.010000,-90.000000,bottom
"R24","33R/0603","R_0603_1608Metric",79.149994,72.010000,-90.000000,bottom
"R25","33R/0603","R_0603_1608Metric",77.533328,72.010000,-90.000000,bottom
"R26","33R/0603","R_0603_1608Metric",101.783318,72.010000,-90.000000,bottom
"R27","33R/0603","R_0603_1608Metric",100.166652,72.010000,-90.000000,bottom
"R28","33R/0603","R_0603_1608Metric",98.549986,72.010000,-90.000000,bottom
"R29","33R/0603","R_0603_1608Metric",96.933320,72.010000,-90.000000,bottom
"R30","2K2/0603/1%","R_0603_1608Metric",128.800000,76.860000,180.000000,bottom
"R31","100K/0603/1%","R_0603_1608Metric",137.050000,78.210000,180.000000,bottom
"R32","453K/0603/1%","R_0603_1608Metric",133.900000,78.305000,180.000000,bottom
"R33","5.1K/0603/1%","R_0603_1608Metric",11.600000,70.260000,0.000000,bottom
"R34","5.1K/0603/1%","R_0603_1608Metric",11.600000,68.560000,0.000000,bottom
"R35","33R/0603","R_0603_1608Metric",61.375000,67.935000,0.000000,bottom
"R36","33R/0603","R_0603_1608Metric",95.316654,72.010000,-90.000000,bottom
"R37","33R/0603","R_0603_1608Metric",61.375000,69.610000,0.000000,bottom
"R38","10K/0603/1%","R_0603_1608Metric",11.725000,88.760000,180.000000,bottom
"R39","10K/0603/1%","R_0603_1608Metric",20.450000,86.610000,90.000000,bottom
"R40","10K/0603/1%","R_0603_1608Metric",20.350000,90.560000,-90.000000,bottom
"R42","0R/0603","R_0603_1608Metric",27.700000,90.010000,-90.000000,bottom
"R45","180K/0603/1%","R_0603_1608Metric",130.800000,72.585000,90.000000,bottom
"R46","22K/0603/1%","R_0603_1608Metric",129.175000,72.585000,-90.000000,bottom
"R47","0R/0603","R_0603_1608Metric",114.737500,72.072500,0.000000,bottom
"R48","470K/0603/1%","R_0603_1608Metric",130.350000,60.285000,0.000000,bottom
"R49","36K/0603/1%","R_0603_1608Metric",131.250000,57.860000,-90.000000,bottom
"R50","0R/0603","R_0603_1608Metric",120.150000,58.910000,-90.000000,bottom
"R52","10K/0603/1%","R_0603_1608Metric",124.800000,58.810000,90.000000,bottom
"R54","0R/0603","R_0603_1608Metric",112.312500,65.022500,90.000000,bottom
"R55","590K/0603/1%","R_0603_1608Metric",117.000000,69.760000,0.000000,bottom
"R56","100K/0603/1%","R_0603_1608Metric",120.100000,69.760000,0.000000,bottom
"R57","180K/0603/1%","R_0603_1608Metric",42.880000,65.010000,-90.000000,bottom
"R58","15K/0603/1%","R_0603_1608Metric",45.300000,65.710000,180.000000,bottom
"R59","3.3R/2512/1%","R_2512_6332Metric",45.150000,70.572500,-90.000000,bottom
"R60","0R/0603","R_0603_1608Metric",56.450000,34.210000,-90.000000,bottom
"R61","0R/0603","R_0603_1608Metric",54.600000,34.260000,-90.000000,bottom
"R64","10K/0603/1%","R_0603_1608Metric",58.850000,34.210000,90.000000,bottom
"R65","10K/0603/1%","R_0603_1608Metric",51.637500,48.987500,90.000000,bottom
"R66","0R/0603","R_0603_1608Metric",49.225000,48.210000,0.000000,bottom
"R67","931R/0603/1%","R_0603_1608Metric",59.100000,52.310000,-90.000000,bottom
"R68","0R/0603","R_0603_1608Metric",53.700000,52.310000,-90.000000,bottom
"R69","0R/0603","R_0603_1608Metric",55.500000,52.310000,-90.000000,bottom
"R70","10K/0603/1%","R_0603_1608Metric",23.820000,33.025000,90.000000,bottom
"R71","10K/0603/1%","R_0603_1608Metric",23.750000,29.365000,90.000000,bottom
"R72","10K/0603/1%","R_0603_1608Metric",23.750000,25.685000,90.000000,bottom
"R73","10K/0603/1%","R_0603_1608Metric",26.270000,24.795000,180.000000,bottom
"R74","10K/0603/1%","R_0603_1608Metric",26.270000,28.495000,180.000000,bottom
"R75","10K/0603/1%","R_0603_1608Metric",26.195000,32.245000,180.000000,bottom
"R76","10K/0603/1%","R_0603_1608Metric",133.650000,23.635000,-90.000000,bottom
"R77","10K/0603/1%","R_0603_1608Metric",133.680000,27.185000,-90.000000,bottom
"R78","10K/0603/1%","R_0603_1608Metric",133.660000,30.765000,-90.000000,bottom
"R79","10K/0603/1%","R_0603_1608Metric",131.140000,24.355000,0.000000,bottom
"R80","10K/0603/1%","R_0603_1608Metric",131.140000,27.805000,0.000000,bottom
"R81","10K/0603/1%","R_0603_1608Metric",131.140000,31.555000,0.000000,bottom
"R82","0R/0603","R_0603_1608Metric",35.675000,31.160000,90.000000,bottom
"R83","15K/0603/1%","R_0603_1608Metric",137.500000,57.360000,0.000000,bottom
"R84","10K/0603/1%","R_0603_1608Metric",46.200000,26.510000,-90.000000,bottom
"R85","1M/0603/1%","R_0603_1608Metric",21.250000,44.075000,0.000000,bottom
"R86","7.5K/0603/1%","R_0603_1608Metric",136.750000,54.960000,-90.000000,bottom
"R87","0R/0603","R_0603_1608Metric",33.862500,31.160000,90.000000,bottom
"R88","4K7/0603/1%","R_0603_1608Metric",33.750000,26.910000,90.000000,bottom
"R89","4K7/0603/1%","R_0603_1608Metric",35.650000,26.910000,90.000000,bottom
"R90","590K/0603/1%","R_0603_1608Metric",18.150000,44.075000,0.000000,bottom
"R91","10K/0603/1%","R_0603_1608Metric",17.900000,36.460000,180.000000,bottom
"R92","510R/0603/1%","R_0603_1608Metric",17.900000,38.260000,0.000000,bottom
"R102","33R/0603","R_0603_1608Metric",93.699988,72.010000,-90.000000,bottom
"R103","33R/0603","R_0603_1608Metric",92.083322,72.010000,-90.000000,bottom
"R104","33R/0603","R_0603_1608Metric",90.466656,72.010000,-90.000000,bottom
"R105","33R/0603","R_0603_1608Metric",61.375000,66.260000,0.000000,bottom
"R106","33R/0603","R_0603_1608Metric",103.400000,72.010000,-90.000000,bottom
"R107","33R/0603","R_0603_1608Metric",70.900000,88.260000,0.000000,bottom
"R108","10K/0603/1%","R_0603_1608Metric",70.900000,91.560000,0.000000,bottom
"R109","10K/0603/1%","R_0603_1608Metric",63.350000,99.310000,90.000000,bottom
"R110","0R/0603","R_0603_1608Metric",134.950000,58.285000,-90.000000,bottom
"R112","0R/0603","R_0603_1608Metric",133.250000,58.260000,-90.000000,bottom
"R113","0R/0603","R_0603_1608Metric",61.375000,64.585000,180.000000,bottom
"R115","10K/0603/1%","R_0603_1608Metric",105.575000,77.260000,180.000000,bottom
"R117","10K/0603/1%","R_0603_1608Metric",109.875000,78.960000,180.000000,bottom
"R121","10K/0603/1%","R_0603_1608Metric",99.400000,56.605000,0.000000,bottom
"R124","10K/0603/1%","R_0603_1608Metric",30.700000,83.660000,90.000000,bottom
"R125","10K/0603/1%","R_0603_1608Metric",30.700000,80.510000,90.000000,bottom
"U1","TFP401APZP","QFP50P1600X1600X120-101N",56.120000,87.210000,180.000000,bottom
"U2","STM32F103C8Tx","LQFP-48_7x7mm_P0.5mm",36.600000,40.060000,180.000000,bottom
"U3","24LC02","SOIC-8_3.9x4.9mm_P1.27mm",24.900000,83.210000,90.000000,bottom
"U4","TLV62569DBV","SOT-23-5",134.200000,80.955000,0.000000,bottom
"U5","TPD4E05U06DQA","USON-10_2.5x1.0mm_P0.5mm",13.687500,96.297500,180.000000,bottom
"U6","TCA9517ADGKR","VSSOP-8_3.0x3.0mm_P0.65mm",23.600000,72.110000,-90.000000,bottom
"U7","PAM2841SR","MSOP-8_3x3mm_P0.65mm",38.300000,66.060000,0.000000,bottom
"U8","MCP23017_ML","QFN-28-1EP_6x6mm_P0.65mm_EP4.25x4.25mm",56.950000,28.630000,0.000000,bottom
"U9","TLC59116IRHBR","VQFN-32-1EP_5x5mm_P0.5mm_EP3.1x3.1mm",56.950000,46.447500,180.000000,bottom
"U12","TPS65150PWPR","HTSSOP-24-1EP_4.4x7.8mm_P0.65mm_EP3.4x7.8mm_Mask2.4x4.68mm",128.137500,65.935000,180.000000,bottom
"U13","TPD4E05U06DQA","USON-10_2.5x1.0mm_P0.5mm",13.715000,99.460000,180.000000,bottom
"U14","TPD4E05U06DQA","USON-10_2.5x1.0mm_P0.5mm",9.615000,65.860000,180.000000,bottom
"U15","TPS259530DSGR","SON50P200X200X80-9N",19.850000,40.860000,-90.000000,bottom
"Y2","8Mhz/3225","Crystal_SMD_3225-4Pin_3.2x2.5mm",49.300000,40.660000,-90.000000,bottom
"RV1","10K","Potentiometer_Alps_RK09K_Single_Vertical",13.300000,78.160000,180.000000,top
"RV2","10K","Potentiometer_Alps_RK09K_Single_Vertical",13.300000,52.160000,180.000000,top
"SW1","TM-001-M-01","SW_Push_LED",141.960000,91.897500,90.000000,top
"SW2","TM-001-M-01","SW_Push_LED",141.960000,79.397500,180.000000,top
"SW3","TM-001-M-01","SW_Push_LED",141.960000,67.397500,90.000000,top
"SW4","TM-001-M-01","SW_Push_LED",141.960000,56.897500,180.000000,top
"SW5","TM-001-M-01","SW_Push_LED",141.960000,46.397500,90.000000,top
"SW6","TM-001-M-01","SW_Push_LED",141.960000,35.897500,180.000000,top
"SW7","TM-001-M-01","SW_Push_LED",115.945000,12.939999,90.000000,top
"SW8","TM-001-M-01","SW_Push_LED",99.445000,12.939999,90.000000,top
"SW9","TM-001-M-01","SW_Push_LED",82.910000,12.969999,90.000000,top
"SW10","TM-001-M-01","SW_Push_LED",66.410000,12.969999,90.000000,top
"SW11","TM-001-M-01","SW_Push_LED",50.000000,13.000000,90.000000,top
"SW12","TM-001-M-01","SW_Push_LED",33.500000,13.000000,90.000000,top
"SW13","TM-001-M-01","SW_Push_LED",13.460000,67.147500,90.000000,top
"SW14","TM-001-M-01","SW_Push_LED",13.460000,93.147500,90.000000,top
"U10","EC11EBB24C03","EC11EBB24C03",144.800000,6.760000,90.000000,top
"U11","EC11EBB24C03","EC11EBB24C03",6.525000,11.435000,-90.000000,top
